<?xml version="1.0" encoding="utf-8" standalone="yes"?>
<rss version="2.0" xmlns:atom="http://www.w3.org/2005/Atom">
  <channel>
    <title>Posts on Digital-AI Demo </title>
    <link>http://example.org/posts/</link>
    <description>Recent content in Posts on Digital-AI Demo </description>
    <generator>Hugo -- gohugo.io</generator>
    <language>en-us</language>
    <lastBuildDate>Thu, 02 Jul 2020 15:22:39 +0200</lastBuildDate>
    
	<atom:link href="http://example.org/posts/index.xml" rel="self" type="application/rss+xml" />
    
    
    <item>
      <title>My Second Post</title>
      <link>http://example.org/posts/my-second-post/</link>
      <pubDate>Thu, 02 Jul 2020 15:22:39 +0200</pubDate>
      
      <guid>http://example.org/posts/my-second-post/</guid>
      <description></description>
    </item>
    
    <item>
      <title>My First Post Today</title>
      <link>http://example.org/posts/my-first-post/</link>
      <pubDate>Thu, 02 Jul 2020 15:20:50 +0200</pubDate>
      
      <guid>http://example.org/posts/my-first-post/</guid>
      <description></description>
    </item>
    
  </channel>
</rss>